x1,x2,y
0.4542864697006007,0.22910384071010514,0.10407877499104243
0.8484132658891741,0.8359562666352357,0.7092363863165215
0.2586866353539905,0.8140601591939672,0.21058648355762127
0.5135787830018274,0.4766506564248566,0.2447976640437
0.410025214570218,0.9838764822605232,0.4034141657494623
0.19057032017985864,0.057734838248659104,0.011002546610579315
0.7277915270482874,0.35654219312826707,0.2594883871939669
0.6973970427278751,0.19686432769418938,0.13729259995253898
0.8922469069780623,0.2996105086337726,0.2673265496266076
0.2287317411554901,0.9521068704941107,0.21777706225422266
0.7739207507463608,0.11695132624124494,0.09051105820540685
0.4712149939940249,0.23839205605305402,0.1123339112612631
0.6917444399282068,0.5074072030720986,0.35099611150464677
0.6102972501009206,0.9898765860158583,0.6041189583847657
0.13787305982471998,0.764277553026818,0.10537328479115707
0.37131887843730904,0.005486346285847099,0.002037183949579441
0.031103577361820678,0.5023392694763363,0.015624548330037713
0.5578341689190854,0.7224437112872482,0.4030037872767418
0.7647008200027263,0.2799995415190957,0.21411587900003987
0.899236147088058,0.4616283013032988,0.41511285505078355
0.5346779127164659,0.6723924673164551,0.35951340095103673
0.4095267790281879,0.24497808505078733,0.10032508610334241
0.034931158309297716,0.29504029039274904,0.010306099091330286
0.951834447527071,0.48525338025837217,0.4618808831088714
0.856786486279654,0.84618422781296,0.7249992112931283
0.454629748186822,0.2868294493747927,0.1304012003418268
0.13169307159255483,0.6810294918618824,0.08968686562840812
0.18568228619505733,0.4994857724352558,0.09274566014768246
0.6938565853530447,0.491013411106899,0.3406928887931837
0.27386347745207085,0.830647376580056,0.227483979086654
0.8037986222828697,0.774430868335136,0.6224864650211087
0.7187589252791827,0.9166666669683757,0.6588623483894402
0.3975356719992713,0.9243126525237696,0.3674472514584657
0.43736787210075156,0.8791377638284916,0.38450661304908046
0.33848493311501093,0.721197954405032,0.24411464135946995
0.9679976681210529,0.5147914362775453,0.4983169098853515
0.8135226116381784,0.3338886007962718,0.2716259265160002
0.2968523615546451,0.17321165288890905,0.05141828820885612
0.4316876693813029,0.9674992010055117,0.417657475210342
0.9037876535095407,0.21307010088766432,0.19257012651430325
0.7138208412251391,0.22546131839468575,0.16093898796022352
0.7700796526760909,0.30101974096457573,0.23180917757064734
0.7050698885294591,0.47995044734658165,0.3383986084103183
0.045464634231291545,0.8747548981713259,0.039770411487390016
0.8240839766140572,0.4174448113034276,0.3440095801158333
0.981748289024041,0.5413075597606163,0.5314277706307639
0.2651559608867119,0.6865330069147508,0.18203831912892438
0.670418704090808,0.9151502806145189,0.613533865177925
0.6379649453759646,0.30412249818114245,0.19401949293973444
0.612862854568241,0.02955382314255761,0.0181124404145528
0.654406824590482,0.8633143407142152,0.5649587963302151
0.9033736507375575,0.15996931316184448,0.14451206243699505
0.03029423328706926,0.6790553229585762,0.020571460368533266
0.747335574259643,0.7254852850649357,0.5421809621309246
0.10155284024641986,0.9268447190496447,0.09412371368688648
0.07831900211349296,0.2854214518738013,0.022353923292540476
0.43351704867729224,0.20054029911291438,0.08693763861229205
0.5083974108147684,0.6557384496546365,0.33337572997610754
0.6179989903720973,0.08519862781065846,0.05265266596807501
0.8138114458726363,0.4622006205316942,0.3761441552781278
0.9609231199792782,0.016250621596333503,0.015615598005951428
0.39432498023331286,0.7304201969691635,0.2880229297318779
0.09275204465621989,0.33440673277484334,0.031016908211672863
0.406513414300791,0.7975095312749623,0.3241983224960084
0.5094125654980957,0.873942520902767,0.4451973016709516
0.16970554099156587,0.5944728388390959,0.10088533471998072
0.7921714453773007,0.27335683870562877,0.21654548202120757
0.9720475580810485,0.6855034458339108,0.6663419505789973
0.4820024389043076,0.15925059261907637,0.07675917403935113
0.7134622516020052,0.7031007240120741,0.5016358256566544
0.010506976939931412,0.9487446686263655,0.00996843835514009
0.9325083767120799,0.17931856435693927,0.16721606336283007
0.2964498807715914,0.2728947813166662,0.08089962538451521
0.38547852093966006,0.5738574917682202,0.2212097371569567
0.5400438965167529,0.5367374878544158,0.289861804347512
0.6650085471884948,0.9945366321601444,0.6613753608785561
0.14527891329437226,0.06514593325258566,0.009464330388483355
0.30501625902912965,0.8694652673902264,0.2652010432151288
0.697050639745085,0.20872827953793605,0.14549418078480925
0.00584237408022481,0.6009202932987814,0.0035108011458498912
0.2483746735452782,0.6245517253671098,0.15512283090019613
0.030736102799419185,0.7244585952651267,0.02226703385799175
0.2142537185543565,0.06362856104177061,0.013632655809462213
0.3694073194074413,0.22626714460342667,0.08358473935792775
0.82436781426899,0.8373816310004667,0.6903104648568567
0.6013642136041413,0.4020531036093873,0.24178034847916352
0.20410562172363356,0.8160933793015306,0.16656924656688
0.7037221758296146,0.7859009374288485,0.553055917673963
0.2743489235571447,0.5480692974702174,0.15036222179567466
0.5018803482651414,0.037583635509291224,0.018862488078473214
0.5329810335620515,0.9193312132129339,0.48998610020408423
0.0614740483724493,0.9866524552091985,0.060653520758326133
0.9645927484346627,0.8536412800558651,0.8234161885063705
0.5382552255644061,0.7354743692953554,0.3958729225419108
0.19328045478144085,0.5491685645141685,0.10614354990096952
0.6064977873290084,0.6517082680161337,0.39525962253580543
0.5564301420656068,0.1293581760544994,0.07197878827935288
0.36905186373918575,0.4376767001062595,0.16152540188943174
0.06306893576893668,0.9155481418315459,0.0577426469505431
0.3476660502745369,0.3780858525563382,0.13144761502294303
0.3061925264166234,0.8714738240477164,0.26683877189112626
0.9758841718662662,0.2644219974471609,0.25804524200194656
0.6590408288479812,0.8662307156490713,0.5708814088149439
0.76531595648524,0.13234820542757086,0.10128819342590642
0.04864035070363448,0.02481886973693448,0.0012071985280723136
0.5161502925017413,0.7947230052623896,0.41019651162404525
0.4454265866148712,0.2023842964824315,0.09014734636662156
0.47819503085942305,0.23430026001603355,0.11204122006873801
0.1626908133249001,0.10236699619617351,0.016654169868782424
0.9462840499824334,0.7707389235143149,0.7293379500222269
0.2669592695396884,0.16471790005745135,0.04397297027944861
0.7796531809251699,0.9464904245541991,0.7379342702188958
0.5620666548604181,0.11372313225600283,0.06391998052738042
0.0480030556802018,0.9726674664860375,0.04669101055205008
0.5831867834787177,0.5620284719229734,0.3277675767642177
0.5546725102342285,0.87212344283952,0.48374289927391423
0.13847659521986722,0.09310709852858123,0.012893153995038638
0.08928778586771935,0.36054541640898696,0.03219230193591333
0.2509113936201707,0.24721951060238434,0.06203019193534082
0.06852470400356603,0.0482500709161483,0.0033063218276801324
0.7870397697199317,0.972728454160945,0.7655759785628553
0.5498364159666808,0.7731142706713297,0.42508637971861823
0.7317549946045321,0.04480064849537124,0.03278309829800992
0.83191960336915,0.7717453877045253,0.6420301168411195
0.141904603861293,0.7326451948448619,0.10396572614533996
0.39240149594501195,0.5695319385880593,0.22348518469041714
0.5086071208771261,0.15415491149331806,0.0784042857036847
0.5025488525305203,0.1803902393433413,0.09065490778970209
0.17519425955458645,0.7651839315372171,0.1340558323087301
0.23541679628943368,0.14135640208068656,0.033277671312836266
0.30309530260518724,0.5156066263377896,0.15627794643509205
0.8638628560481433,0.32224659698099634,0.27837686561979846
0.24022640020852748,0.2195877022614635,0.05275076324433331
0.5124844516552209,0.27642595135948433,0.1416640021057381
0.96863403980957,0.2079110224518692,0.20138969359849226
0.9575004447088112,0.9353947210241131,0.8956408613588628
0.5740103090517524,0.1763535723149272,0.10122876854687193
0.10423195805931118,0.10367948212254707,0.01080671543220843
0.7672236071436742,0.5323469527918243,0.4084291493728867
0.3998227916061917,0.36614087944815166,0.1463914685421061
0.8156741046279028,0.03765461254846947,0.030713892375583425
0.46393062853739453,0.3527197301550239,0.16363748610836043
0.6200688960743401,0.5295062733704485,0.3283303703932518
0.2387723171922005,0.7723795421644534,0.18442285303445746
0.9964282405779556,0.1281491480274145,0.12769143010052064
0.7898740384426791,0.7210358898172459,0.5695275301520586
0.027964351048882286,0.17193426553123659,0.004808030158647241
0.4790237495264006,0.7274181438569575,0.3484505667438944
0.4218960857760604,0.6863543225534722,0.28957020214078955
0.7114061143585976,0.19616101539809983,0.13955014575299923
0.9780062255176993,0.9730950972363048,0.9516930631178571
0.643839186621962,0.17834336487247637,0.11482444697891898
0.9998588530751406,0.38132318769136586,0.38126936509604564
0.865602211444454,0.45680098749640763,0.39540794496690085
0.8138297830454293,0.5828539087864663,0.4743438701348703
0.4152744551664538,0.5851467114778498,0.2429964818014062
0.37125845355758,0.6589005371521458,0.24462239447136447
0.4240525560247762,0.008695819514274783,0.0036874844917583497
0.8614256955857219,0.6257409171909624,0.5390293048476724
0.6261642006346668,0.5752158741965339,0.3601795880586437
0.26476813572412194,0.09619478072065024,0.025469312757797274
0.8430483649483197,0.5604007354155438,0.47244492370791014
0.02520811968767267,0.498794472748337,0.012573670768589663
0.6096085018316911,0.6311182128284907,0.3847350282010706
0.5111852437369692,0.8829309005399311,0.45134124759540634
0.048837136346351895,0.9097204256084084,0.04442814046249911
0.3895641680636601,0.5716323768183782,0.22268749131350418
0.865178360770863,0.23552099269710003,0.2037676663888034
0.7714025892032788,0.820369315981232,0.6328350144508451
0.30958420304306034,0.9210453265649176,0.28514108339113525
0.7268298233052657,0.5405839229508808,0.39291251720005604
0.3427062003786886,0.8463395707833341,0.2900458185332866
0.9649401179372803,0.022570287574492975,0.021778975954009582
0.3239606990619066,0.30624283595547164,0.09921064321883538
0.8627987038373665,0.14094993273736056,0.12161141927175868
0.5229837806625566,0.7912371052571924,0.4138041727079037
0.6980727322106387,0.7339141619387736,0.5123254642326808
0.5077512399703809,0.7751721763360375,0.3935946337251618
0.7230060042147247,0.9728023758632027,0.703341958663445
0.43656509912173325,0.5684462450683628,0.24816379132364688
0.042376404723397654,0.89449496281212,0.03790548056716693
0.9100446378697267,0.8413169248852541,0.7656359562408731
0.5112439590447836,0.394235441290257,0.20155048780099835
0.05419672132488951,0.4784492668076191,0.02593038158127024
0.09871515162356836,0.3231647346166746,0.03190125577707527
0.20794359216587477,0.9663232238815674,0.20094072236724195
0.18162788583834832,0.2891132909717744,0.05251103580697062
0.6197954854231926,0.5280668209779735,0.32729343164392527
0.33923396472167056,0.7488589409745023,0.2540383875640519
0.6046235756338856,0.12687745397329764,0.07671309988865896
0.1472312253933874,0.4205479720088202,0.061917793255562584
0.24058086430672143,0.7250890841227314,0.17444255855761578
0.6051106684164368,0.7740294329533051,0.46837346754836995
0.1496892534687143,0.3025295659418563,0.04528542487805065
0.8706223981548611,0.3918284848293133,0.34113465512748237
0.8260266607245843,0.16340673673210704,0.13497832108272365
0.9564732154330736,0.6657076873889167,0.6367315722953926
0.662286838682558,0.9002911353876016,0.5962509699497855
0.6668261128434222,0.5489032010175389,0.366022987861837
0.7805804299268583,0.31593249094509046,0.24661071960978198
0.394257263101484,0.7208709004620938,0.2842085882656874
0.9375166257020557,0.26022978803929897,0.24396975278976477
0.10059438693115852,0.07180500648681187,0.007223180606128701
0.1194195280505328,0.5470789266313013,0.06533190722470206
0.8081786744497084,0.3906185636000583,0.3156895929457442
0.28159247581797153,0.07847335978802772,0.022097507668465174
0.9380333807077018,0.16779451317904448,0.1573968544615421
0.404586146966074,0.42789338721784964,0.17311973684673213
0.163296992882225,0.8387931727161356,0.13697240275468572
0.8882242820314519,0.9216064580368114,0.8185932345052962
0.6391044860970673,0.3395210042095428,0.21698939691450006
0.865370052732642,0.931820921702678,0.8063699201512255
0.3766905744957333,0.5025552381772224,0.18930782138481797
0.6855493021784965,0.8955474332345881,0.6139419179217156
0.9604130338725543,0.27231125651460175,0.261531280026836
0.8068378570522984,0.5336022801341452,0.43053052022165395
0.6375128585740243,0.10054611220038667,0.06409943940737309
0.8165116578142169,0.08940419932533084,0.07299957100667857
0.14019696339233945,0.8974148197447699,0.1258148326315004
0.29433595644445154,0.5667277799637365,0.16680836315926706
0.26478929940565243,0.08861871389235043,0.02346528716578543
0.7281947143973679,0.3002412368325924,0.21863408170562212
0.950584130828823,0.8796215985145994,0.8361543326822604
0.8941032271727621,0.5576201425455768,0.4985699689865358
0.8984745715692485,0.35381014448584447,0.317889417983773
0.5123693448459705,0.3220316463857845,0.16499914367835367
0.7864615230916807,0.3682730838174707,0.28963261041275823
0.44055803469873966,0.48546162021298955,0.21387401732270062
0.04960029945854161,0.8374173013953535,0.04153614892097333
0.5221165940608741,0.7289039037271403,0.38057282361168976
0.8472610019184501,0.6149149692020304,0.5209934729007651
0.2546482594347035,0.7012861169693024,0.17858128905195475
0.8545618132140257,0.6043815927202929,0.5164814297482343
0.42982246625246967,0.8414221166143424,0.36166212932254976
0.6209202498322558,0.18181436867722522,0.11289222322215654
0.5116702111009646,0.16061106885120002,0.08217989950424506
0.8553545362291731,0.8656259790624993,0.740417107868928
0.5225471947630882,0.6898708509270874,0.36049007790077414
0.48961844653202935,0.30196496185037625,0.14784761552828474
0.6417367754774382,0.9304133355085726,0.5970804537904792
0.3949476058961834,0.6310491295783915,0.24923134292985613
0.5608631687317999,0.46230881973023885,0.2592919895665602
0.06651006901177459,0.5398718214516217,0.03590691210225981
0.15031567286235548,0.4913857145811683,0.07386297432221768
0.024572887492556705,0.9935971286958244,0.024415550456369877
0.2682644926575044,0.8868729254537093,0.23791651539851605
0.708170000701415,0.4315540897793656,0.30561366006175184
0.9044078110312793,0.8276072156089339,0.7484944302625679
0.2654319782659934,0.589470036519366,0.1564641979218627
0.46416639004324645,0.35286924782965834,0.16379004492236818
0.5488227504622489,0.37158537341696296,0.20393450667023946
0.812243939927977,0.6245767907653197,0.507308713318795
0.7314220306904079,0.7618944843366947,0.5572664109053664
0.778578551147975,0.9503217885581966,0.739900161259993
0.7106693971718278,0.3736224952332786,0.2655220734572682
0.2985318532098322,0.7070344238615343,0.21107229683852985
0.8560714299440488,0.1024800416333066,0.08773023578175043
0.12495198585917533,0.45431295867333044,0.05676730638779009
0.9296863108962246,0.7376547048678116,0.6857874812837991
0.9860710975660967,0.7031529026492132,0.6933587544720964
0.8917117706195137,0.8848516007564311,0.7890325876460282
0.6267393439247153,0.21522469113720755,0.13488978171973295
0.2397334357235693,0.5273849994045818,0.12643181785633295
0.7372497612675231,0.8427242943062959,0.6212982847916585
0.15317478751692093,0.8089943335944402,0.12391753515072142
0.7996966187787693,0.5502728970208921,0.4400513751532053
0.44188151802678033,0.6714708867719256,0.2967105747575668
0.25486701990506944,0.26915080706987005,0.06859766410294207
0.5767153972534599,0.8327920424060867,0.4802839935657465
0.9365277998769949,0.024857449363140383,0.023279692362615668
0.7700398526004073,0.4516009127989409,0.3477507003259058
0.8896984339503098,0.04505753000609036,0.040087613884087686
0.6506943754021584,0.39029385996119825,0.25396201943074936
0.5678273856741709,0.6839580479968649,0.3883701103048689
0.9569447040117913,0.26066031837875536,0.24943751121857735
0.8623552722647463,0.34069991051585535,0.29380436409347516
0.5147453402909985,0.8254847068077962,0.4249144063107942
0.18910448670906077,0.48007539255880105,0.09078441069148292
0.4427859322768476,0.4829132221867912,0.2138271812947948
0.5000176202156572,0.24548446189988482,0.12274655643910158
0.9341163463043504,0.32695362691535124,0.3054127273851236
0.16964389278252734,0.052431240571554905,0.008894639753975758
0.7255179567811448,0.952672190334228,0.691180781013507
0.1886262648967476,0.7036340544276068,0.1327238635408343
0.42641631340581354,0.13961589562722998,0.05953449550621425
0.27237509821256023,0.874347018706684,0.2381503550920923
0.9487073835455354,0.09336295296919161,0.08857412283148665
0.10617240322736832,0.02703477034989743,0.002870346538748611
0.15093473025907134,0.7469200574451891,0.11273617739557969
0.9777491692367447,0.5469034050031658,0.5347343498945923
0.6498892204396955,0.2606754549498893,0.16941016820514654
0.3894154427816805,0.4433443682838023,0.1726451434800013
0.9381208587967157,0.7582843548539215,0.7113623701876743
0.6361754592472316,0.46878724539902317,0.2982309411309682
0.39448991461578053,0.3631860351361368,0.14327322799049846
0.07077043469432642,0.9971241321105834,0.07056690827366895
0.7701379409454538,0.1733400198078887,0.1334957259382916
0.06188768287147295,0.3965672258172014,0.02454262670859476
0.7810092936197263,0.11438300218845243,0.08933418774130683
0.6126859745706379,0.9298240021434213,0.569690124932413
0.29283325556845796,0.32934844710109257,0.096444177981029
0.4784912508263256,0.6892364973520544,0.32979363373313997
0.9762040726087553,0.012895026419870947,0.012588177307475516
0.8035018118066252,0.32750617815159566,0.2631518075226705
0.8278894723828428,0.653953405400233,0.5414011397597621
0.6025963423832712,0.015200923128109722,0.009160020677848192
0.08409491882138387,0.4139963105506417,0.03481498612810864
0.5736945929340558,0.8907442216191208,0.5110151436301439
0.8195562918024512,0.34938550826804227,0.28634109156567134
0.8335265621170532,0.9545634079138777,0.7956539557211928
0.5539258221243591,0.9519040805909653,0.5272842504248827
0.4121585605430347,0.3345393260467303,0.1378832470684573
0.4721178795668389,0.09051977804833722,0.04273600567104186
0.7156223419174208,0.6900123632488031,0.4937882633400825
0.2454203540472979,0.4385706039888482,0.1076341529056804
0.3276935348477025,0.1708259453679316,0.05597855788131802
0.03595223144053694,0.17627614129480706,0.006337520629275695
0.8139456423928038,0.8391982859813218,0.6830617879780069
0.24611748903447972,0.45396333914194176,0.11172831714332265
0.5059938478036496,0.7581218295360981,0.38360498163091283
0.6534697698086379,0.3295162042918227,0.2153288781667935
0.6991863743259125,0.11628021984057857,0.08130154531615416
0.01337174984277667,0.5584000283030747,0.007466785490668127
0.7432149040999592,0.6939126108876971,0.5157261945546521
0.6132539345776785,0.9198933292121507,0.5641282035311111
0.7473830959828327,0.07126478292308358,0.05326209409559871
0.36746782151543644,0.7365502876766319,0.2706585296490999
0.606178642336448,0.47530769102912973,0.2881213708401098
0.22561284184081165,0.9196226443713511,0.20747867821778262
0.05591722478953065,0.06928499683202072,0.0038742247423980214
0.2668487567943475,0.29849839957214486,0.07965392683092924
0.3005455401559467,0.027315616479957172,0.008209586709661407
0.688353576761652,0.3512714874974008,0.24179898483322174
0.27739566105221714,0.058713445540891196,0.016286855038468863
0.947144461986505,0.4361809265884171,0.41312634904236156
0.5949068638033037,0.48422500760180176,0.2880687806475188
0.4730620846360908,0.5965514768200704,0.2822058852172411
0.16060442790228757,0.8089107972570387,0.12991465581745004
0.6362309552006423,0.7308763750114222,0.46500617420710005
0.009243505611944425,0.5665265426026472,0.0052366912758630415
0.05243346478386013,0.8963968253762838,0.047001191375731395
0.16503878931290683,0.20393301912121298,0.033656858576690867
0.5001334834373158,0.1606278203506314,0.08033535132890464
0.904287490096266,0.6801728138957931,0.6150717667095413
0.5107868747802478,0.9411965480298001,0.48075084332209894
0.11439739955057038,0.2643297072639339,0.03023863113495755
0.8187412602739879,0.13495101318254876,0.11048996260833152
0.2839007723133222,0.05289215971191896,0.01501612499153338
0.40106086850889444,0.1902335911154387,0.07629524927232374
0.009965104106461009,0.9666663049666742,0.009632930365200895
0.30723597604514596,0.6723608093246451,0.20657342950736163
0.6889246179197079,0.9152957557335842,0.6305697788022898
0.1284961154573636,0.42902800067317126,0.055128431508941686
0.8675681019492865,0.39660668046673975,0.34408330499293655
0.33261118294523084,0.7006950935875068,0.23305902396205988
0.568610903702351,0.544442468015931,0.30957592375247683
0.9557070326772035,0.7375254839792889,0.7048582918176646
0.6549938482712427,0.11172565521365696,0.0731796168590192
0.5882901390536993,0.06525654420377058,0.03838978146380007
0.23020963033509634,0.6617096373264938,0.1523319309981028
0.6553829899822937,0.5759985863123396,0.3774996757229554
0.20601908490848497,0.8349723952677772,0.17202024879691327
0.04866501596346684,0.1932363224245074,0.009403848715510277
0.5080066673715272,0.5402971286269158,0.27447454370416485
0.27524045353746807,0.3324687069826887,0.09150883769693081
0.683127715410095,0.43094458648393297,0.29439019083311724
0.9429954295384575,0.09748844595879436,0.09193115897194999
0.09730306708890046,0.7083628952825002,0.06892588232296089
0.4707463823416278,0.3144892619284705,0.1480446823381161
0.08779429156805152,0.5235767980747541,0.045967054068441794
0.8303300183134833,0.20681624761251538,0.1717257386676258
0.013752162423799064,0.13126757426406654,0.001805213002257549
0.9682734754080141,0.6214412960322009,0.6017251234711597
0.09399346440069367,0.08170419119335681,0.007679659986320253
0.10115003580319992,0.6837109337614127,0.06915738542900614
0.8185115863640094,0.1632887683929628,0.1336537488527493
0.19567880889478984,0.4290889202798942,0.08396360883032113
0.807570737625278,0.08906045809219576,0.07192261983475969
0.0029822432095415463,0.012175232058894259,3.6309503132229944e-05
0.4707298420609186,0.8366214028699002,0.39382266083773226
0.277913365323449,0.2482233781216322,0.06898459436573778
0.7101324296596427,0.7090774842338737,0.5035389166959477
0.1541128422135044,0.2561672551010481,0.03947866376565436
0.9711675086519161,0.8773461324710332,0.8520500576972874
0.3392327253395615,0.2871501261734202,0.09741071988340827
0.9482364840628338,0.707980778613637,0.6713332042966627
0.27179166302009394,0.3458539783043365,0.09400022792545111
0.9929561427157245,0.2879395957182236,0.2859113902994924
0.39740728358687527,0.5448061041462073,0.21650991393029254
0.40152662957316765,0.14848128177134634,0.05961918862435251
0.2325185850622905,0.9964733307104509,0.2316985689091019
0.9337177810374868,0.4593928951167505,0.4289433146527992
0.7447729050269173,0.29596336821075386,0.22042549752387433
0.1432983251696689,0.5143411007859771,0.07370421830855438
0.9599007669997508,0.6799711909149277,0.6527048676969731
0.6686829626250562,0.7606833473775391,0.5086559943439576
0.4375530834438299,0.5082921267359229,0.22240478734352506
0.12101412810624801,0.37762862859482804,0.04569839923736127
0.034285558708824326,0.7841868115180309,0.026886282964987206
0.8259865945004087,0.28519697757230456,0.23556888026675726
0.351988952197567,0.54380734486674,0.19141417751698475
0.1778151929407631,0.2503748417062265,0.04452045078550568
0.5994290866194881,0.22649974501506343,0.13577053527392643
0.1590780355857795,0.7741199121174228,0.12314547492747588
0.6581429675459746,0.5288439335147438,0.34805491577207953
0.9526559201658562,0.1002275587041841,0.09548237716331187
0.9003624484973918,0.422728968129485,0.380609288795839
0.4909414368057893,0.9931493498196395,0.48757816876318927
0.6239348531318434,0.7939063537050478,0.4953458441993963
0.829081227997845,0.5671942501910189,0.4702501054616869
0.5164688728091978,0.551696880949805,0.284934266236496
0.5088176197184304,0.015225395197060787,0.007746949343440892
0.9055327757295325,0.8210371204715377,0.7434760226775741
0.7564194123901995,0.6446886882176592,0.48765503871621035
0.8947950756004517,0.8274223085054718,0.7403734070926539
0.7828290561575258,0.8242995151495474,0.6452856114356263
0.49485354590453734,0.14004831663732953,0.06930340608594393
0.03800795957231151,0.010873288900741018,0.0004132715249574281
0.9855991124881187,0.5119753952244867,0.5046024951490079
0.23100690761520648,0.2824655009788142,0.06525148188909594
0.8841021954486319,0.40787075843015086,0.36059943298739494
0.01841978024466695,0.28760929998648954,0.005297700102073631
0.26325958546992145,0.5133397405916051,0.13514160731338298
0.5461307478664613,0.12716151490152372,0.06944681323300131
0.38307944944372485,0.7355360823414779,0.28176875746936764
0.3117223812947387,0.8753242150286535,0.2728581487136798
0.5081853720353058,0.39445309141041485,0.20045529100887816
0.8432735887824336,0.5266094331250875,0.4440758265580755
0.4993052605438686,0.3989072852452975,0.1991765059922506
0.5909011278564568,0.7173966423424524,0.42391048508059026
0.8867068409207636,0.2339549895182127,0.20744948967334473
0.4569810882596318,0.8713041237290516,0.3981695066668069
0.14538257232164864,0.9228869816362778,0.13417168335244417
0.129935967723532,0.7068790204135919,0.09184900958090239
0.1167700461777551,0.3317361922497133,0.03873685048783167
0.0590432588520039,0.004941721090800488,0.0002917753175385403
0.2945058126980915,0.7146441602840585,0.21046685921440184
0.39691889730022456,0.7064999449965773,0.2804231791107108
0.8915573951828974,0.09386859072243103,0.0836892362339801
0.41018785019593396,0.5346817732229444,0.21931996709726945
0.45536050117371263,0.7419792130719665,0.3378680263249276
0.8994838006975779,0.17530576130729936,0.15768469246487202
0.5732060996620072,0.763284520732946,0.4375193430617164
0.24852910293229213,0.1593764532536064,0.03960968695564919
0.8334975998390284,0.9028997478411439,0.7525647727208574
0.8880041366430643,0.03591838237682943,0.03189567213215187
0.14294973928159282,0.009650572064918483,0.0013795467605983202
0.9019066107762441,0.3881804497823872,0.35010251383283086
0.9796837268356215,0.09444235272465029,0.09252363608840972
0.49141257378317904,0.6549628197206138,0.3218569649711951
0.9051202566716429,0.02295085783052675,0.020773286330400757
0.1256069561305423,0.8987517394948095,0.11288947031497311
0.4719175508531145,0.09785329959627753,0.04617868948837135
0.9317262786581582,0.7415061713179512,0.6908807856041334
0.31752989536805154,0.7642031963883678,0.24265736098912896
0.9978068769374985,0.8898992994575158,0.8879476407805715
0.9366048627359437,0.3312085413392848,0.31021153039805294
0.3005802625762798,0.9469559284524481,0.2846362616224017
0.21034176626351464,0.22985171548334404,0.048347415813465425
0.8569463645813623,0.21269714251780614,0.18227004303747787
0.8540604844833478,0.4375500168607386,0.37369417938577937
0.6881063312202441,0.9603235380560855,0.6608047065562175
0.5086271846224881,0.4004582215061919,0.20368393776362312
0.12174106375190485,0.7071320370901325,0.08608700640840417
0.8705019388941762,0.9194778749920512,0.8004072729508775
0.9800454690559035,0.2681925259108887,0.2628408698536245
0.4569660366363064,0.25914813333131625,0.11842189539010868
0.8859487853398277,0.5616167723588015,0.4975636972977547
0.3567259192009121,0.7997148834006279,0.2852790268797393
0.04253113729268321,0.29093648880756884,0.012373859748925901
0.7215100031615019,0.45869318852788066,0.33095172390491057
0.05621176857043386,0.36993365370121534,0.02079462492826774
0.761096595857407,0.4989391069486908,0.3797408558387833
0.9660505441903127,0.850228768235323,0.821363964239993
0.11650836932806385,0.17390514932949042,0.020261405366132367
0.6084981321529902,0.8718237066032761,0.53050309703479
0.6266726192617385,0.5252595759202425,0.32916579423424835
0.3757794822970584,0.003223871082543628,0.0012114646063907015
0.12841336002646164,0.41680481446067397,0.053523306700101074
0.6854752121982474,0.8480635449991983,0.5813265384659234
0.18944397716277184,0.7166353010537414,0.1357622416068611
0.11846040471642849,0.44854887692174394,0.05313528149524926
0.5719984143255773,0.7983885842241019,0.4566770041918289
0.037459293659763415,0.1448505825055041,0.005426000506861467
0.3850020580616368,0.4840690217185458,0.1863675696055233
0.6791185520733702,0.8846714494588287,0.6007967938171295
0.25522931604744825,0.755303801958022,0.19277567278178329
0.035257149484097305,0.7020197139385146,0.024751213995113437
0.127026221386476,0.09472945874283367,0.012033125198088235
0.8921755057534639,0.6646156184655668,0.5929537755361683
0.08221512996126867,0.02644508506708254,0.0021741861056269966
0.9002001197931486,0.6581304708423903,0.5924491286918411
0.767734266156552,0.45972437725804083,0.35294615740847984
0.10916615643231264,0.3660174764510534,0.03995672109121601
0.7030591857416284,0.3261930398298578,0.22933301297736639
0.5121292225857209,0.7752218922829377,0.39701378502629237
0.4616339920561434,0.6470705684714197,0.2987097696654996
0.7635515369118189,0.6568473889921844,0.5015368333814978
0.02902054347137495,0.0020147844660417524,5.847014018221564e-05
0.9225545144007726,0.16823885879708433,0.15520951868088428
0.7014866749898157,0.6190684120323361,0.4342682419477886
0.17419067913840225,0.07738664494538383,0.013480032239278813
0.1311076043245204,0.23671477326716406,0.031035106831279906
0.5844085064115523,0.8824568259869007,0.5157152756476837
0.904455604863794,0.9073071959987483,0.8206190787543207
0.31026025820055125,0.6567993363528206,0.20377873168277683
0.6277510229404578,0.1032974860571797,0.06484510253957224
0.07635925503156216,0.8166198823518068,0.0623564858603459
0.47513084184375254,0.5340261802906425,0.25373230860809654
0.8965171368121099,0.03125663427533598,0.028022108266907472
0.3989437383585569,0.8637673055957348,0.3445945579662605
0.12248769040353435,0.6416819407040831,0.07859813889050082
0.40665243042653165,0.03618574588274659,0.014715021510015762
0.31621567020455477,0.9587790205973079,0.30318095057624433
0.41745336674815514,0.001873766989034964,0.0007822103380741993
0.9532065398185527,0.5074705362101494,0.48372423388074204
0.8715136564587018,0.06372385457696461,0.05553620950601301
0.3049518714867141,0.7448699758954034,0.2271494931635669
0.7127754155946764,0.6238414770049721,0.4446588680374157
0.9398882259831888,0.9283076959571207,0.8725054735196796
0.3474822940202196,0.1630379270258585,0.05665279289524647
0.14735050262278415,0.13295943222694173,0.01959163916707987
0.6679426545260801,0.3479918674967324,0.23243861172925537
0.7968318607631732,0.15414771496294621,0.12282981054631567
0.5578670601396379,0.7946010001716087,0.4432817239497513
0.05064721889717805,0.10081278112027392,0.005105886993031812
0.9283154951040964,0.8615413619137628,0.7997821959376322
0.2733678617456847,0.49975560452726053,0.13661712100503925
0.9962136845434886,0.7896007872378692,0.7866111095726769
0.5947112754281272,0.027478537517265256,0.016341796093792462
0.75354933754996,0.016867457649044737,0.012710461537589667
0.22050594300002568,0.034580801991353716,0.0076252723528006175
0.6108838211714279,0.3034735073929291,0.18538705582048812
0.6914122772681176,0.20747673659721666,0.14345196293083898
0.8132494892045954,0.11751471872673613,0.09556878497853986
0.5690663863029155,0.8867689820786919,0.5046304201170361
0.07265949701051433,0.42546331904214274,0.030913950758026075
0.8637761303155259,0.486621884467061,0.42033236829180687
0.5516247764179707,0.8058863959477341,0.4445469029829531
0.45912438197622085,0.39298407539828917,0.18042857074373608
0.5328714250395241,0.3033720619162439,0.1616583029504876
0.9330333056893229,0.8030451425792559,0.7492678639984767
0.3500620872035626,0.7843338811699533,0.2745655555068249
0.24263757385414364,0.0429441593983404,0.010419866647618936
0.36809558282056043,0.1911818474061352,0.07037319354567279
0.23760601648714674,0.9684461198972085,0.2301086247312094
0.5907345618774252,0.07425509128236463,0.04386504881585589
0.21002613236757062,0.6096623079020522,0.128045016578955
0.05000511765497995,0.38184191742428364,0.01909405000640444
0.9497982060468615,0.28508836756151557,0.2707764200747557
0.07587716262762678,0.77991554261575,0.05917777846286905
0.3689431328337829,0.7172017437629747,0.2646066582177639
0.27541033464536324,0.9533290344505951,0.26255666840517944
0.8732855394560989,0.4327480512351939,0.37791261537150184
0.2537339794617717,0.12514632813200355,0.031753875851961925
0.44247828639835063,0.55557295072727,0.2458289672070777
0.1955307313974114,0.4764791827321332,0.09316632309525484
0.050748284609340444,0.43951546824413534,0.02230465607266091
0.20136247048477218,0.28095875551102467,0.05657454911402703
0.7439079141475436,0.4889162053908551,0.36370863454524305
0.8118769256873085,0.40327526364350874,0.3274098812526307
0.6359752685981299,0.0817407874681112,0.05198511926545467
0.4562723276531462,0.35286707530622896,0.16100348180213112
0.08963035088941451,0.7474100884599866,0.06699062848695694
0.8680047518221082,0.4474083308440491,0.3883525571774325
0.11914177760602063,0.3876977501064006,0.046190999121531344
0.670292806560286,0.30701805280576944,0.2057919922798533
0.9056023258689172,0.2216055033274862,0.20068645923872355
0.5416967761590128,0.3925186221830086,0.21262607221891333
0.06956720067656086,0.9427331131008556,0.06558330366352616
0.7614851095881096,0.42174668012721106,0.3211538169350907
0.4366099541584656,0.5595560033736751,0.24430772098207448
0.775490047289887,0.5090556324776764,0.3947675765032966
0.2724993053549245,0.4416935760551912,0.12036119265477212
0.7097090045881769,0.0321755363502495,0.022835267875226276
0.8430190153122695,0.9322432129548224,0.7858987554167207
0.015783548789095603,0.34136898578481,0.005388014042218632
0.9789504388836207,0.3980853158096008,0.3897057946249335
0.5135918487254633,0.7303438636306167,0.375098655127346
0.42065010913768797,0.7337939941177062,0.30867052371019305
0.33772327611310093,0.7693699386783498,0.25983413623338786
0.9688135945976316,0.5917316009551432,0.5732776193583636
0.7355216839687923,0.8021800248710071,0.5900208027392508
0.33093642461686523,0.959259245870988,0.3174538251092152
0.36252880160066014,0.862691730694242,0.312750599279383
0.8290315491256345,0.8791786094900099,0.7288668045836242
0.4043478612807976,0.48503507379560407,0.19612289473542632
0.2515734591908063,0.834819934887862,0.21001853882118313
0.67134029399795,0.5426438727908508,0.364298697095596
0.9745677998754683,0.9293743148429394,0.9057382812772542
0.7152818394701117,0.3332685599053822,0.23838094856667688
0.508074481536327,0.4246331225956227,0.21574525360592256
0.2729239807776437,0.14601469953191126,0.03985091304830077
0.37042474600215636,0.7380337968629447,0.27338598174396334
0.6431638561655759,0.8163042970819558,0.5250174195157606
0.7514422231445409,0.7634915531905491,0.5737197900815847
0.7913918377722394,0.8734529580806977,0.6912435417030821
0.05763269473784027,0.42919439686309824,0.024735629657602412
0.1724446428936487,0.48078845972805184,0.0829093942451913
0.4538118049349168,0.7313184886822993,0.33188096333118977
0.7344500691025122,0.12476400852113312,0.09163293467985265
0.20046830562035833,0.6597455308729003,0.13225806871469414
0.8790680076800033,0.29470363678570777,0.2590645388452634
0.722344736988986,0.4743419014615715,0.3426383760541144
0.4621915262112798,0.4683735101175913,0.21647826747818383
0.1172603614122667,0.5491586791515631,0.06439454518999531
0.9656654917733704,0.9824040233778897,0.9486736643553475
0.6087585036781962,0.3126339979614342,0.19031860479793491
0.7731055987299896,0.4233918977413419,0.3273266466007467
0.6213260025239014,0.03610847892858804,0.022435136869918132
0.21026318707910607,0.35389111535140416,0.0744102737927658
0.40650600099217904,0.38478646198489785,0.15641800589740995
0.4327145632268413,0.4969989135151833,0.21505866778593724
0.16843746896983336,0.4516791450663794,0.07607969198143914
0.9005619222485379,0.9989244246599652,0.899593300052793
0.930137276940174,0.1269667602550274,0.1180965166455271
0.1857847793655092,0.6856386177276473,0.12738121931900365
0.2573324769248274,0.3710156609191865,0.09547437900223614
0.8788111010834614,0.8111869960401258,0.7128801371746084
0.9655182387386355,0.3378364461289036,0.32618725044809893
0.38466797397354413,0.6402460395900346,0.24628214689368413
0.003713733999498703,0.7132056763152645,0.0026486561687674645
0.44637483716048165,0.45355118278765727,0.20245383536078437
0.5624428178958041,0.5223700873758846,0.29380330392816995
0.4136388365044391,0.09543131375133262,0.03947409758619131
0.33014626074540254,0.5652460133507643,0.1866138577090007
0.3761689745853889,0.976049750644535,0.36715963384427924
0.6899221004362838,0.664462918462731,0.4584276523678305
0.11783116849475883,0.5933882113660872,0.06991962631628099
0.9218982686739986,0.12677324903947973,0.11687203880367401
0.5109284592016592,0.27247205115538276,0.1392137252723354
0.2651180550010319,0.005653749073603165,0.0014989109578575572
0.6755126220507609,0.7122774893849724,0.4811524344821757
0.3812831731683627,0.44535939479188935,0.16980804324659315
0.4506237724714859,0.6840147878471134,0.30823332412594934
0.576633532729604,0.34771145159371586,0.20050208270302308
0.07446167621611022,0.23708872021216554,0.017654023518930216
0.30587285556756194,0.7876420381388123,0.24091831937057304
0.20972269217306672,0.9404197798748688,0.19722736800816026
0.5675646401431785,0.6299249579292903,0.3575231320643445
0.20692181564875245,0.46724604067519404,0.096683399091202
0.49483357736308464,0.4665359791919298,0.23085766755213225
0.6314161268620964,0.8443395071745694,0.5331295813768179
0.4812208436001828,0.11784492492955634,0.05670943418860131
0.4301134052915986,0.016354825505466963,0.007034429691106286
0.04729504874205592,0.40753517267349026,0.0192743958556949
0.6239747214830921,0.7059522854565776,0.44049638069812036
0.3645870537847956,0.40960127322309825,0.1493353214309105
0.7721348617754451,0.3895601127150575,0.30079294378446775
0.8331888078384355,0.9425283600251592,0.7853040806432781
0.47454131782911024,0.3965570501830382,0.18818270518828356
0.3607894201142028,0.7539964249379385,0.2720339329215409
0.42390811438966347,0.5345375150416513,0.22659479007184277
0.9547601904146997,0.8766910939986864,0.8370297558410572
0.251551319158968,0.9671900915463579,0.24329794340596936
0.9987643481901141,0.28672667834871424,0.2863723840096701
0.48405588184634063,0.8254596524108592,0.3995685999763123
0.8084118500115579,0.6220921839439042,0.502906693299822
0.18959871807578355,0.15432447091131385,0.029259721852508653
0.0294235693700865,0.2838950835962766,0.00835320668602155
0.17897544120507203,0.28748986780976293,0.051453625933240155
0.70433912073514,0.3616984642246349,0.2547583782632299
0.8930299581954512,0.9010373647521513,0.8046533601771532
0.7129218291857664,0.030828198187563105,0.021978095442378817
0.6556547939810902,0.863874393006091,0.5664033871719479
0.5167276835908073,0.7148957784971293,0.3694064396316685
0.2553893851214283,0.6863172110099673,0.1752781305180891
0.060620270629730966,0.40734524004977835,0.024693378691550288
0.6986354402029163,0.0976070705762575,0.06819175871896078
0.2090315918618827,0.49122868745669124,0.10268231450729541
0.00346727913099365,0.251298820927629,0.0008713231574456784
0.7617646135930959,0.6231667734686523,0.4747063963954043
0.8443823913656192,0.9499641731620356,0.8021330202462228
0.8537843137767779,0.05564132700562274,0.04750569219512491
0.7803759269814335,0.7675147251100397,0.5989500150796474
0.14413079621265035,0.7428226992082272,0.10706362708171185
0.7483430555999975,0.40119339681808075,0.30023029246138483
0.1719911737601032,0.9115931260586587,0.15678597174247044
0.7005645858237667,0.8902387917962327,0.6236697704589782
0.4007425779682633,0.5966938495646265,0.23912063153233548
0.5503268454587689,0.9427477333921559,0.5188193861811096
0.5078470234218934,0.1351252106486832,0.06862293601719009
0.4342307567683381,0.35034130946820596,0.15212897193758962
0.27998998654108576,0.11505924035220727,0.03221543515764207
0.08037490958588267,0.6324172786666705,0.05083048159338361
0.8093318032197264,0.7613109690798177,0.6161531794163262
0.9407318182876331,0.9249484123103356,0.8701284017349614
0.5773484602167048,0.9807989752288514,0.5662627781304994
0.7103607387708225,0.4153314537345244,0.29503515830961646
0.9613733940418255,0.7586502752502753,0.7293461900081223
0.07425200942106891,0.9940179358010713,0.07380782913381262
0.3029147848729751,0.8801149471305653,0.266599829873545
0.15147096774242563,0.6361999162349167,0.09636581698975295
0.4264691967759162,0.130798742705854,0.05578163474106529
0.31982259893330967,0.5715418926243916,0.18279201349839552
0.05798384797013889,0.12663066308420923,0.007342533116632667
0.9934233648422047,0.4206946652132212,0.417927909887283
0.4473894513866846,0.7420440498317992,0.3319826803590023
0.7801370776875418,0.7911445324907834,0.6172011836058363
0.5840771188567863,0.23877584871058977,0.13946350976746516
0.4670322957919395,0.9671377857415562,0.45168458042201187
0.2311783610707182,0.6116074377416691,0.1413904050757804
0.8756177881600689,0.008921750157392494,0.007812043139332762
0.09282248881952204,0.5894632605992235,0.05471544691649043
0.16113637686608773,0.6794936374492446,0.10949114284213027
0.6529321089834526,0.14484819642858515,0.0945760383765655
0.4420960539787422,0.9921335984554239,0.43861834889687284
0.1635663347441325,0.6393826478873804,0.10458147621393708
0.7397465684389992,0.7170276401633402,0.5304187362867444
0.09040399251136133,0.6652030252296381,0.06013700931139511
0.9361240030873074,0.7629994429307126,0.7142620928696842
0.8930864517489939,0.6555431949696254,0.5854567459636217
0.8493607028005541,0.5188429931626762,0.44068484931579377
0.8878050023645212,0.28381116683817587,0.25196897364584425
0.14685459189235506,0.8041251496563144,0.11808947068315699
0.06836910235872085,0.9487726356815035,0.06486673344406207
0.5229256118867114,0.09855816897635106,0.05153859081839227
0.8785478256721363,0.679781165929206,0.5972202652599736
0.8949289107175186,0.6732812601662763,0.6025388647671239
0.9725094068587785,0.817126942380669,0.7946636380629517
0.33510266892971574,0.8197516527121009,0.27470096668337046
0.3270432654074089,0.5497449845135403,0.17979039487665366
0.47514151797472726,0.42928311792804086,0.20397023229325317
0.8381266292634976,0.01960309551042705,0.016429876363284624
0.9790159467462585,0.23656058752890363,0.23159658756246074
0.010045292573419684,0.4137224571714634,0.004155963126481445
0.3498589700072293,0.8930468726759953,0.312440459042601
0.5282488492105121,0.6974570177325332,0.36843086699100636
0.8273943712526167,0.6501054936322698,0.5378936261517439
0.7276937760011701,0.7049795954858427,0.5130092638428703
0.12130914631851564,0.29738766050388143,0.036075843221386406
0.0560940720155918,0.6453674622981466,0.03620128890667196
0.758174150596336,0.8687016237652095,0.6586271157198456
0.5707939347081722,0.3556136636291477,0.20298212229886964
0.2214605420294251,0.5904546073725095,0.13076239739248735
0.8762019675764539,0.8049277028086634,0.705279236957746
0.14573121836857428,0.8529122945566573,0.12429594784727797
0.9774183310352144,0.29831256373467785,0.29157616817238485
0.8316035071383631,0.3926259456513107,0.32650911339714633
0.2210241481335139,0.07877341359980272,0.017410826636465353
0.9814454075393387,0.2598729672571044,0.25505113025810605
0.8407469113947766,0.310435842395843,0.2609979756805407
0.08223875938228853,0.669454773491488,0.055055130034490946
0.4301466053369619,0.24912267455446369,0.1071592727720673
0.30713300661352094,0.6447232400610765,0.19801578715356927
0.5006027429809926,0.11252875596308987,0.05633220389936151
0.966573365707678,0.38294758377735527,0.3701469349413013
0.3645940371821904,0.3572891093994063,0.13026547883715883
0.22134438144670654,0.3209624018604462,0.07104322430744972
0.9033949004083301,0.6423003801436813,0.5802508879521335
0.6130223859721955,0.56089996518775,0.3438442349511159
0.2553030178861916,0.9503405140813931,0.2426248012644944
0.977342963778798,0.930222783385989,0.9091466920890253
0.3271002892033036,0.5519256199780648,0.18053502991353762
0.42710674945016436,0.3417594340982071,0.14596776099161288
0.6385962345011742,0.5969857583684286,0.38123285734490636
0.919200798633811,0.17396289048987912,0.1599068278709431
0.32860411267856227,0.6739651884370356,0.2214677327225921
0.4494708528614968,0.395056983035037,0.17756659909364794
0.13811455119060634,0.102884765954528,0.01420988327416021
0.7806366740552201,0.21159205026979033,0.16517651437913405
0.3142411676295238,0.8438663600256889,0.2651775502977486
0.8651315897793068,0.735003148321932,0.6358744422005487
0.07235474676966347,0.8914451303741613,0.06450028666727207
0.8827891956999059,0.6401871585534772,0.5651503067968322
0.8423750142056537,0.7513851656967006,0.6329480896276756
0.780812991661839,0.21490338377531593,0.16779935400385676
0.9511037494584546,0.7321861747980968,0.6963850161521132
0.39518463998297715,0.37741135663056846,0.14914717109553818
0.3314552012724392,0.246749838137295,0.08178651726373891
0.42680567602001773,0.7179738889839165,0.30643533105250165
0.596415684030122,0.02369516972686203,0.014132170860856257
0.3111227043939775,0.24200565688376152,0.07529345444831688
0.9072282222365391,0.11613642261379331,0.1053622402248231
0.8885428253813786,0.46511503157968037,0.41327462428715833
0.4439416765158172,0.6988969369459442,0.31026947789955184
0.44696392386859574,0.17905085725342784,0.08002927373002792
0.20587170349149309,0.8371754860272144,0.1723507434297413
0.9214235002234998,0.6534990926809985,0.6021494213710069
0.2845189347380186,0.11907787051231,0.03387990886903416
0.9358184402141846,0.5984438364312094,0.560034777564847
0.7259867877108231,0.5016522734169718,0.3641929225258189
0.5434316448762772,0.4611479816910794,0.2506024062217586
0.9264805901397353,0.9336793062195279,0.8650357546275268
0.3031058096765993,0.622479105646404,0.18867703332371866
0.499835377691352,0.9256314393633676,0.46266334009717863
0.8637163122807856,0.9257479637329181,0.7995836173368425
0.9536289002863324,0.447920516815813,0.4271499498667494
0.7228952543664091,0.1847179469974496,0.1335317272807622
0.7605457239685802,0.6439489739845141,0.4897526386178767
0.4286523641131126,0.36489123437856874,0.15641149026052537
0.8057682933015147,0.913351930636775,0.7359500263328376
0.7192144814848384,0.8291652760720746,0.59634767409541
0.16981446208900253,0.9578915883346755,0.16266384481263316
0.5129884195789317,0.843805748076547,0.432862577137406
0.45265467954727656,0.41084785931470114,0.1859722061007806
0.7743151948604969,0.7719221791267332,0.5977110725476559
0.014597247974198702,0.9557302282449839,0.013951031138129554
0.9205225051760215,0.28936531306984503,0.2663672828980975
0.040261133027827745,0.13843423248073383,0.0055735190495120575
0.6786469150943927,0.7290080456133496,0.494739061234492
0.8820530575750459,0.2779792056039583,0.24519240824525373
0.44725070016948687,0.5243939877195778,0.23453557817225046
0.5923087161854953,0.17827256049794993,0.10559239143964176
0.6362415265321112,0.33757027279111584,0.21477622567248075
0.7499647423377155,0.11371915655960896,0.08528535794808946
0.685936740909975,0.7015760587125668,0.48123679521376334
0.3124407412000143,0.09236026657857266,0.02885711014724015
0.4016864880708513,0.5646766881277998,0.22682299574953527
0.5285498145166617,0.6188426684930901,0.3270891776470188
0.7725620708874771,0.650108901302545,0.5022494790926766
0.9311289843410971,0.6531425300679139,0.6081599406521112
0.618254919263286,0.25311160115756437,0.15648749253827102
0.8794654904698425,0.9451817479997499,0.831254729587743
0.21313625869314146,0.7592415883809093,0.1618219115917451
0.18159981874589237,0.600079151364083,0.10897426512090638
0.5667147906533875,0.3878530554619164,0.21980206313037665
0.6741647585374263,0.9015908653980854,0.6078207880706494
0.06522325171115395,0.5162387881547357,0.03367077242287741
0.5245153944277254,0.7635482275799095,0.40049279975366686
0.8944673445124711,0.02234829477240552,0.019989819879455504
0.20959420233665504,0.33231287237963614,0.06965085141261249
0.5629086039823565,0.14994169023967618,0.08440346753157106
0.981090927975863,0.5641666136159084,0.5534987464854316
0.8720881749523647,0.41469086227161467,0.36164699724787486
0.9744986327786332,0.24815197575739167,0.24182376109689474
0.31549674971278086,0.7464503888881665,0.2355026715160578
0.9818578338075163,0.752377881860276,0.738728117288018
0.07530508495794586,0.8201796673323188,0.06176369952924004
0.9877364975550403,0.47799714340865784,0.472135224271782
0.8389337003284241,0.9574349196941162,0.8032244200026325
0.367052116036947,0.009915710455069338,0.003639582504542879
0.48255638224527475,0.5854240486466182,0.28250011099429384
0.5563220666970013,0.2645164995815922,0.14715636572268787
0.8285649485390358,0.4438151844993147,0.36772970550551737
0.2581356148454965,0.7362796231768932,0.1900599932269778
0.05461722164727012,0.622329026605259,0.033989882383629294
0.6248839223432352,0.2255093548769127,0.14091717020057778
0.2891265318546531,0.33728792915704564,0.09751888919361452
0.6045356610211978,0.6934393700025592,0.4192088279226201
0.8851692786807016,0.7794263751468226,0.6899242822734268
0.740615854173348,0.34351825289347304,0.2544150642908357
0.4180494919189902,0.3646118353093474,0.1524257924987232
0.9750784636758124,0.6897409420019073,0.6725515380615273
0.18961321294104805,0.21281877274100014,0.040353251273591774
0.8933166138182586,0.05772466653984809,0.05156640364716523
0.8570549565714104,0.7177641934584758,0.6151633596530673
0.5151821557421109,0.6923948424390246,0.3567094675524559
0.9087358541906844,0.05023904759609332,0.045654023830962315
0.7973870434356942,0.10964195643290497,0.08742707547653929
0.1798459494561545,0.01144862294768112,0.0020589884639912294
0.6874565785646969,0.8941533046372528,0.6146915715182429
0.42231195007928357,0.537849463074659,0.22714025560015486
0.8965632569164173,0.7768483383428598,0.6964936763547812
0.5429985031380364,0.8073727076160916,0.4384021717100413
0.0032252716454764796,0.3769008988053548,0.001215607782071511
0.6059731495301972,0.6058093178431975,0.36710418034818265
0.8474113214082617,0.6156709509932677,0.5217265341338861
0.18379511884026078,0.7028983194964511,0.12918928016446982
0.9016526889969179,0.36077399096317897,0.32529283907210005
0.5934274930733282,0.41838874186890507,0.24828338221736818
0.4303508067224996,0.9360450962446326,0.40282776229751743
0.4839369886318039,0.8238582683077711,0.39869548942427546
0.7169600781158988,0.0951614224451125,0.0682269408698679
0.18927678466386844,0.9811468925763593,0.18570832910979923
0.27235707953482546,0.8973459898471439,0.24439853312705526
0.5025308395066089,0.619150894589955,0.311142418839558
0.3679896957699008,0.2390780973345631,0.08797827630339261
0.970979313985008,0.4454022529100614,0.4324763739779885
0.6798241154108633,0.07365558367978664,0.05007284202018177
0.9231796089965105,0.29273602061494275,0.2702479250504973
0.24193258259603356,0.2873850124867008,0.06952779827030088
0.38762619922447816,0.6768967898621246,0.26238292992150564
0.07701883903647666,0.45901517448900064,0.03535281583926859
0.30474946312056483,0.1797518221689881,0.05477927130094237
0.9208601231442791,0.3690450157153097,0.3398388386173825
0.5217845911357257,0.9761956885492373,0.5093638682181221
0.7112403674294384,0.06855655522501392,0.04876018952793548
0.2936106007259335,0.6856946862078225,0.20132722873205922
0.9172069689864697,0.4324845576113098,0.3966778502201237
0.5454956179617468,0.2934038795895395,0.16005053060906982
0.2746053190693688,0.2785810347918859,0.07649983394570076
0.9686447241064647,0.9903090638228885,0.9592576499068532
0.1503577183534356,0.3669911821626979,0.0551799568058133
0.6980413091280022,0.12667041629222375,0.08842118321641289
0.8887095799437921,0.9497149962098858,0.8440208153480077
0.8004415186078967,0.009706466305206884,0.007769458629656179
0.07949236254674763,0.6730277636292838,0.0535005669904458
0.7634808008684122,0.05613133984997887,0.042855200302478885
0.8785798235524739,0.31522529676968414,0.2769505856151853
0.549522572033272,0.855253319513408,0.46998100387900177
0.5747206816986801,0.44624380685929166,0.25646554488198625
0.49091441262004376,0.7951609443501182,0.3903559679340376
0.5452335699936021,0.25819475189271246,0.14077644632807595
0.6341094884007025,0.7071597055442083,0.4484166791002293
0.2402143585818758,0.15203724244901717,0.0365215286754478
0.6019055027125738,0.28763726408102497,0.17313045203555869
0.027337548359722907,0.03954669338396832,0.001081109642851368
0.7389762873483366,0.6958818497800405,0.5142401857835472
0.1792725934493935,0.8100628586225861,0.1452220695223004
0.438129756579554,0.8015242994151591,0.35117164619536123
0.668942058026298,0.6940060707101025,0.46424984922356044
0.2913475564754001,0.4964073099349402,0.14462705676607143
0.03837650092148337,0.27147654885646166,0.010418320027351127
0.5559423521611783,0.871272914384112,0.4843775133970281
0.24239171342616694,0.6087569887309463,0.14755764955864786
0.782859590996933,0.4167707248318734,0.3262729591813757
0.732058369227686,0.9933102604224032,0.7271610893819526
0.9955101641667193,0.35350510306983174,0.3519179231908212
0.758562170190988,0.9871630573425295,0.7488245511101199
0.27189252244675144,0.962515379949403,0.26170073454823656
0.030967491602389097,0.36125685392120366,0.01118721859011038
0.49095693606224045,0.8717974310128916,0.4280149955970217
0.5295789448196844,0.7612917829073854,0.4031640990919894
0.8725305725838354,0.8953201452133444,0.781194198948842
0.13565652027729247,0.7104897201513481,0.09638256312851921
0.7693593760738637,0.7735859309203507,0.5951655891524
0.50359511811268,0.04465265565393295,0.02248685939808719
0.27161882381747704,0.7308499263760074,0.19851259738934082
0.05309342830365804,0.6939666554406324,0.03684506886576658
0.3730533766315781,0.5290118969119522,0.19734967442128007
0.2861358495615324,0.7548297838674902,0.2159838614812722
0.627856305320685,0.07347675390277064,0.0461328432323508
0.5129423029201483,0.552490403803008,0.2833957000679976
0.5414661125641085,0.7482569181794074,0.40515576468580394
0.7729052796477177,0.4745412790478497,0.36677545998686395
0.28056741863526335,0.2598365902161517,0.07290168138393441
0.11953424422272318,0.010703843783677836,0.0012794758769600239
0.834222352570067,0.7699656805679383,0.6423225814415983
0.40515450090545024,0.081558095347672,0.033043629415385176
0.35485899147852873,0.2547072257963128,0.09038514926837345
0.32010577249903316,0.7756394782166296,0.2482866743552812
0.6667292262833946,0.14444899343897843,0.09630836563298524
0.35547439533315606,0.8441342967171623,0.3000681287055122
0.6504218821911334,0.38971922437949835,0.25348191144698196
0.5921460597603994,0.08398453196579614,0.04973110968436749
0.7000840169040827,0.60796872896328,0.4256291899246826
0.5045103796389652,0.02719576647986821,0.013720546471330954
0.20629079043440057,0.9585612555750337,0.19774235909236515
0.1342741396840289,0.6405321704300525,0.08600690612443908
0.832308012246288,0.22849578573030116,0.19017887322784072
0.9180559783596427,0.9558997104855644,0.8775694439235241
0.4027862892684886,0.26628534903815904,0.10725608762564437
0.10886484236311833,0.40871990334324837,0.044495227848131695
0.2696868476189175,0.8210745247310907,0.22143300023492873
0.23049619102809638,0.38185176535430254,0.08801537745152115
0.549523325175524,0.32101387155527916,0.17640461012452557
0.6860308953302026,0.8522863886266342,0.5846947942672748
0.07120494578186698,0.43644935278603814,0.031077352501660778
0.8326090436740108,0.07928234077177887,0.06601119393022783
0.29678270618628855,0.5390966421154426,0.15999456034296217
0.3003443788329796,0.8911094128417153,0.26763970307216617
0.02105945086994343,0.4228377318418155,0.008904730439681029
0.9798911298293809,0.6596536974477186,0.6463888068881736
0.18008406207849004,0.6600993280696978,0.11887336837407303
0.9094684472877181,0.7762683066123004,0.7059915314933551
0.6038939493972024,0.0045651178650398805,0.0027568470569826584
0.34556418693791624,0.982202624106846,0.33941405120777
0.6738615256679338,0.5589832350555102,0.37667729559730334
0.079906818318764,0.15155706098112598,0.01211044253674467
0.43411075235281893,0.27833427406545075,0.12082790112012852
0.5889038633666632,0.8359886371438889,0.49231693814466776
0.5474740084824505,0.8683605401425939,0.47540482571985176
0.35907298928764864,0.5278097879635375,0.1895222383393474
0.34675590971354975,0.3156486883841998,0.10945304809055198
0.8242425328166236,0.22250651739536376,0.18339933546616075
0.050365494477461525,0.7389948596066716,0.037219841520392274
0.0179544172772802,0.4955734788243841,0.008897733030366374
0.28804771896270365,0.3106087078906188,0.08947012979784547
0.49856094726438516,0.6242349823913609,0.31121918413660365
0.3904650876395853,0.7297092563584198,0.284925988735407
0.7477018162283521,0.5243688820049301,0.39207156544871674
0.05933790156800722,0.9785096868261339,0.05806271148023071
0.30790490705829865,0.2692119310340352,0.08289167460401971
0.3377735214182642,0.12192329367164567,0.04118246024638493
0.30559289007059276,0.5401258914000859,0.16505863215490738
0.6252766486061109,0.5451944023072689,0.3408973287135008
0.8458449271056846,0.14566759311395705,0.12321219467913552
0.026803091597740303,0.8251669305501271,0.022117024822961268
0.6105179448905782,0.271792513209815,0.1659342066015016
0.07963740107651818,0.05314064209336611,0.0042319826278531016
0.1338171210096264,0.3600798521409032,0.048184849147067624
0.9514385332763731,0.890829293833411,0.8475693167244878
0.37619488997870243,0.27531958514145216,0.1035738210412706
0.5780477141716381,0.10642387650815888,0.06151807854882594
0.008851012853886897,0.15455879331460076,0.0013680018663087795
0.06719557799423959,0.6346038557117489,0.04264257288192399
0.3020386772161807,0.28353237100110873,0.08563774228514227
0.5741331201523197,0.27109398127214723,0.1556440333222924
0.7264837140522176,0.30093248198969635,0.21862254719482668
0.016355899974827892,0.2759150937980055,0.004512839675705434
0.7887667435431334,0.37924811803355385,0.29913830305618816
0.27702159796049597,0.2297186767204843,0.06363703490647915
0.9125123306785106,0.6463248388067679,0.5897793850349765
0.36303263863924473,0.3633140914895713,0.13189487328827904
0.9447093902251509,0.13346407374473657,0.12608476372435465
0.8564473786941174,0.9072124549017638,0.7769797289192708
0.13916793303239017,0.6191173749560398,0.08616128537707134
0.8625728004791302,0.9823898147275355,0.8473827336517041
0.6453303027328443,0.6001927106113031,0.38732254363683866
